{"cameraMode":{"drawMode":0,"name":"Shaded","section":"Shading Mode"},"sceneLighting":true,"audioPlay":false,"sceneViewState":{"showFog":true,"showMaterialUpdate":false,"showSkybox":true,"showFlares":true,"showImageEffects":true,"showParticleSystems":true},"in2DMode":false,"pivot":{"x":-25.35015106201172,"y":-14.425504684448243,"z":12.016663551330567},"rotation":{"x":-0.238202765583992,"y":0.49797672033309939,"z":-0.14444151520729066,"w":-0.8212289214134216},"size":37.30082321166992,"orthographic":false}