{"cameraMode":{"drawMode":0,"name":"Shaded","section":"Shading Mode"},"sceneLighting":false,"audioPlay":false,"sceneViewState":{"showFog":true,"showMaterialUpdate":false,"showSkybox":true,"showFlares":true,"showImageEffects":true,"showParticleSystems":true},"in2DMode":false,"pivot":{"x":0.28357094526290896,"y":-0.349617600440979,"z":0.4863775968551636},"rotation":{"x":-0.025068527087569238,"y":0.08596129715442658,"z":0.002527474192902446,"w":0.9960926175117493},"size":1.7541050910949708,"orthographic":false}