{"cameraMode":{"drawMode":0,"name":"Shaded","section":"Shading Mode"},"sceneLighting":false,"audioPlay":false,"sceneViewState":{"showFog":true,"showMaterialUpdate":false,"showSkybox":true,"showFlares":true,"showImageEffects":true,"showParticleSystems":true},"in2DMode":false,"pivot":{"x":-11.457803726196289,"y":-0.4388413429260254,"z":22.981000900268556},"rotation":{"x":-0.02130020409822464,"y":-0.0029913471080362798,"z":-0.000018808939785230905,"w":-0.9998204708099365},"size":4.260226249694824,"orthographic":false}