{"cameraMode":{"drawMode":0,"name":"Shaded","section":"Shading Mode"},"sceneLighting":true,"audioPlay":false,"sceneViewState":{"showFog":true,"showMaterialUpdate":false,"showSkybox":true,"showFlares":true,"showImageEffects":true,"showParticleSystems":true},"in2DMode":false,"pivot":{"x":3.4333369731903078,"y":-1006.5603637695313,"z":-1.6015057563781739},"rotation":{"x":0.6870647668838501,"y":-0.14814577996730805,"z":0.14624468982219697,"w":0.6961907148361206},"size":5.415836334228516,"orthographic":false}