{"cameraMode":{"drawMode":0,"name":"Shaded","section":"Shading Mode"},"sceneLighting":true,"audioPlay":false,"sceneViewState":{"showFog":true,"showMaterialUpdate":false,"showSkybox":true,"showFlares":true,"showImageEffects":true,"showParticleSystems":true},"in2DMode":false,"pivot":{"x":12.658124923706055,"y":-1.3549411296844483,"z":1.113385796546936},"rotation":{"x":0.17597590386867524,"y":0.6066133975982666,"z":-0.1400025337934494,"w":0.7625617980957031},"size":17.983572006225587,"orthographic":false}