{"cameraMode":{"drawMode":0,"name":"Shaded","section":"Shading Mode"},"sceneLighting":false,"audioPlay":false,"sceneViewState":{"showFog":true,"showMaterialUpdate":false,"showSkybox":true,"showFlares":true,"showImageEffects":true,"showParticleSystems":true},"in2DMode":false,"pivot":{"x":0.1687047779560089,"y":1.2494683265686036,"z":-10.008228302001954},"rotation":{"x":0.04042736440896988,"y":-0.5823624730110169,"z":-0.02903464436531067,"w":-0.8114426136016846},"size":1.811862587928772,"orthographic":false}