{"cameraMode":{"drawMode":0,"name":"Shaded","section":"Shading Mode"},"sceneLighting":true,"audioPlay":false,"sceneViewState":{"showFog":true,"showMaterialUpdate":false,"showSkybox":true,"showFlares":true,"showImageEffects":true,"showParticleSystems":true},"in2DMode":false,"pivot":{"x":14.433191299438477,"y":90.30201721191406,"z":31.751306533813478},"rotation":{"x":-0.09108158946037293,"y":0.7956319451332092,"z":-0.5859885215759277,"w":-0.12366752326488495},"size":10.0,"orthographic":false}